prodcodeid,dmdid,productname,formulation,routeofadministration,drugsubstancename,substancestrength,termfromemis,nsaid
1010341000033110,155411000001100,Oruvail 100 modified-release capsules,Modified-release capsule,Oral,Ketoprofen,100.000mg,oruvail 100 modified-release capsules (sanofi),1
1010441000033110,,,,,,,oruvail s/r capsules 200 mg,1
1013741000033110,657811000001107,Oruvail 150 modified-release capsules,Modified-release capsule,Oral,Ketoprofen,150.000mg,oruvail 150 modified-release capsules (sanofi),1
1013841000033110,345311000001100,Oruvail 200 modified-release capsules,Modified-release capsule,Oral,Ketoprofen,200.000mg,oruvail 200 modified-release capsules (sanofi),1
10494141000033100,11651311000001100,Diclofenac 50mg/5ml oral solution,Oral solution,Oral,Diclofenac sodium,10.000mg/1.000ml,diclofenac 50mg/5ml oral solution,1
10643541000033100,36045011000001100,Ibuprofen 200mg modified-release capsules,Modified-release capsule,Oral,Ibuprofen,200.000mg,ibuprofen 200mg modified-release capsules,1
1083441000033110,329862007,Piroxicam 10mg capsules,Capsule,Oral,Piroxicam,10.000mg,piroxicam 10mg capsules,1
1083541000033110,329863002,Piroxicam 20mg capsules,Capsule,Oral,Piroxicam,20.000mg,piroxicam 20mg capsules,1
1084541000033110,329881004,Piroxicam 10mg dispersible tablets,Dispersible tablet,Oral,Piroxicam,10.000mg,piroxicam 10mg dispersible tablets,1
1084641000033110,329882006,Piroxicam 20mg dispersible tablets,Dispersible tablet,Oral,Piroxicam,20.000mg,piroxicam 20mg dispersible tablets,1
1088641000033110,36017011000001100,Piroxicam 20mg orodispersible tablets sugar free,Orodispersible tablet,Oral,Piroxicam,20.000mg,piroxicam 20mg orodispersible tablets sugar free,1
1089941000033110,329883001,Piroxicam 20mg suppositories,Suppository,Rectal,Piroxicam,20.000mg,piroxicam 20mg suppositories,1
1096241000033110,226811000001107,Ponstan 250mg capsules,Capsule,Oral,Mefenamic acid,250.000mg,ponstan 250mg capsules (chemidex pharma ltd),1
10976541000033100,31306711000001100,Naproxen 250mg effervescent tablets sugar free, Effervescent tablet,Oral,Naproxen,250.000mg,naproxen 250mg effervescent tablets sugar free,1
10976641000033100,31279811000001100,Stirlescent 250mg effervescent tablets, Effervescent tablet,Oral,Naproxen,250.000mg,stirlescent 250mg effervescent tablets (stirling anglian pharmaceuticals ltd),1
1098341000033110,,,,,,,ponstan dispersible dispersible tablets 250 mg,1
1109541000033110,586711000001103,Ponstan Forte 500mg tablets,Tablet,Oral,Mefenamic acid,500.000mg,ponstan forte 500mg tablets (chemidex pharma ltd),1
1136241000033110,844911000001100,Preservex 100mg tablets,Tablet,Oral,Aceclofenac,100.000mg,preservex 100mg tablets (almirall ltd),1
11716941000033100,32968711000001100,Danamep 75mg dispersible tablets,Dispersible tablet,Oral,Aspirin,75.000mg,danamep 75mg dispersible tablets (ecogen europe ltd),1
11781141000033100,33548811000001100,Etolyn 600mg modified-release tablets,Modified-release tablet,Oral,Etodolac,600.000mg,etolyn 600mg modified-release tablets (mylan),1
11781541000033100,33568211000001100,Paracetamol 500mg / Ibuprofen 150mg tablets,Tablet,Oral,Ibuprofen/ Paracetamol,150.000mg + 500.000mg,paracetamol 500mg / ibuprofen 150mg tablets,1
11790641000033100,10774611000001100,Ibuprofen 400mg capsules,Capsule,Oral,Ibuprofen,400.000mg,ibuprofen 400mg capsules,1
11790741000033100,11934911000001100,Nurofen Express 400mg liquid capsules,Capsule,Oral,Ibuprofen,400.000mg,nurofen express 400mg liquid capsules (reckitt benckiser healthcare (uk) ltd),1
11898941000033100,8669711000001100,Naproxen 250mg/5ml oral suspension,Oral suspension,Oral,Naproxen,50.000mg/1.000ml,naproxen 250mg/5ml oral suspension,1
12041000033110,329925006,Aceclofenac 100mg tablets,Tablet,Oral,Aceclofenac,100.000mg,aceclofenac 100mg tablets,1
12361741000033100,11648711000001100,Diclofenac 50mg/5ml oral suspension,Oral suspension,Oral,Diclofenac sodium,10.000mg/1.000ml,diclofenac 50mg/5ml oral suspension,1
12471541000033100,35029711000001100,Tramadol 75mg / Dexketoprofen 25mg tablets,Tablet,Oral,Dexketoprofen/ Tramadol hydrochloride,25.000mg + 75.000mg,tramadol 75mg / dexketoprofen 25mg tablets,1
12496141000033100,34878411000001100,Ibuprofen 200mg / Phenylephrine 6.1mg tablets,Tablet,Oral,Ibuprofen/ Phenylephrine,200.000mg + 6.100mg,ibuprofen 200mg / phenylephrine 6.1mg tablets,1
12708841000033100,329683004,Ibuprofen 200mg / Codeine 12.8mg tablets,Tablet,Oral,Codeine phosphate/ Ibuprofen,12.800mg + 200.000mg,ibuprofen 200mg / codeine 12.8mg tablets,1
13057641000033100,34790511000001100,Flarin 200mg capsules,Capsule,Oral,Ibuprofen,200.000mg,flarin 200mg capsules (infirst ltd),1
13122441000033100,12638111000001100,Indometacin 10mg/5ml oral suspension,Oral suspension,Oral,Indometacin,2.000mg/1.000ml,indometacin 10mg/5ml oral suspension,1
13177941000033100,36608611000001100,Ibuprofen 200mg/5ml oral suspension sugar free,Oral suspension,Oral,Ibuprofen,40.000mg/1.000ml,ibuprofen 200mg/5ml oral suspension sugar free,1
13469741000033100,38411011000001100,Diclo-SR 75mg tablets,Modified-release tablet,Oral,Diclofenac sodium,75.000mg,diclo-sr 75mg tablets (strides pharma uk ltd),1
13579141000033100,38692711000001100,Nurofen for Children 200mg/5ml oral suspension orange,Oral suspension,Oral,Ibuprofen,40.000mg/1.000ml,nurofen for children 200mg/5ml oral suspension orange (reckitt benckiser healthcare (uk) ltd),1
13579241000033100,38692911000001100,Nurofen for Children 200mg/5ml oral suspension strawberry,Oral suspension,Oral,Ibuprofen,40.000mg/1.000ml,nurofen for children 200mg/5ml oral suspension strawberry (reckitt benckiser healthcare (uk) ltd),1
1365341000033110,,,,,,,soluble aspirin tablets 300 mg,1
1365441000033110,,,,,,,soluble aspirin paediatric tablets 75 mg,1
1389341000033110,,,,,,,surgam capsules 300 mg,1
1389641000033110,495411000001109,Surgam SA 300mg capsules,Modified-release capsule,Oral,Tiaprofenic acid,300.000mg,surgam sa 300mg capsules (sanofi),1
1394341000033110,,,,,,,surgam sachets 300 mg,1
1396041000033110,329887000,Sulindac 100mg tablets,Tablet,Oral,Sulindac,100.000mg,sulindac 100mg tablets,1
1396141000033110,329888005,Sulindac 200mg tablets,Tablet,Oral,Sulindac,200.000mg,sulindac 200mg tablets,1
1396641000033110,308411000001108,Surgam 300mg tablets,Tablet,Oral,Tiaprofenic acid,300.000mg,surgam 300mg tablets (sanofi),1
1398841000033110,324411000001109,Surgam 200mg tablets,Tablet,Oral,Tiaprofenic acid,200.000mg,surgam 200mg tablets (sanofi),1
1416641000033110,,,,,,,tenoxicam effervescent tablets 20 mg,1
1417941000033110,,,,,,,tenoxicam granules 20 mg/sachet,1
1418741000033110,,,,,,,tenoxicam injection 20 mg/amp,1
1425241000033110,329914002,Tenoxicam 20mg tablets,Tablet,Oral,Tenoxicam,20.000mg,tenoxicam 20mg tablets,1
1442941000033110,35918311000001100,Tiaprofenic acid 300mg modified-release capsules,Modified-release capsule,Oral,Tiaprofenic acid,300.000mg,tiaprofenic acid 300mg modified-release capsules,1
1443041000033110,,,,,,,tiaprofenic acid sachets 300 mg,1
1443741000033110,329896000,Tiaprofenic acid 300mg tablets,Tablet,Oral,Tiaprofenic acid,300.000mg,tiaprofenic acid 300mg tablets,1
1444841000033110,329895001,Tiaprofenic acid 200mg tablets,Tablet,Oral,Tiaprofenic acid,200.000mg,tiaprofenic acid 200mg tablets,1
1445141000033110,,,,,,,tolfenamic acid capsules 200 mg,1
1449741000033110,4061811000001100,Toradol 10mg tablets,Tablet,Oral,Ketorolac trometamol,10.000mg,toradol 10mg tablets (roche products ltd),1
1451941000033110,322820004,Tolfenamic acid 200mg tablets,Tablet,Oral,Tolfenamic acid,200.000mg,tolfenamic acid 200mg tablets,1
1525541000033110,3354811000001100,Voltarol 50mg dispersible tablets,Dispersible tablet,Oral,Diclofenac sodium,50.000mg,voltarol 50mg dispersible tablets (novartis pharmaceuticals uk ltd),1
1526241000033110,300211000001106,Voltarol 12.5mg suppositories,Suppository,Rectal,Diclofenac sodium,12.500mg,voltarol 12.5mg suppositories (novartis pharmaceuticals uk ltd),1
1526341000033110,763111000001107,Voltarol 75mg SR tablets,Modified-release tablet,Oral,Diclofenac sodium,75.000mg,voltarol 75mg sr tablets (novartis pharmaceuticals uk ltd),1
1526741000033110,913211000001109,Voltarol 25mg suppositories,Suppository,Rectal,Diclofenac sodium,25.000mg,voltarol 25mg suppositories (novartis pharmaceuticals uk ltd),1
1526841000033110,44611000001107,Voltarol 50mg suppositories,Suppository,Rectal,Diclofenac sodium,50.000mg,voltarol 50mg suppositories (novartis pharmaceuticals uk ltd),1
1526941000033110,788411000001106,Voltarol 100mg suppositories,Suppository,Rectal,Diclofenac sodium,100.000mg,voltarol 100mg suppositories (novartis pharmaceuticals uk ltd),1
1527041000033110,2911000001100,Voltarol 25mg gastro-resistant tablets,Gastro-resistant tablet,Oral,Diclofenac sodium,25.000mg,voltarol 25mg gastro-resistant tablets (novartis pharmaceuticals uk ltd),1
1527141000033110,745711000001100,Voltarol 50mg gastro-resistant tablets,Gastro-resistant tablet,Oral,Diclofenac sodium,50.000mg,voltarol 50mg gastro-resistant tablets (novartis pharmaceuticals uk ltd),1
1527241000033110,804711000001107,Voltarol Retard 100mg tablets,Modified-release tablet,Oral,Diclofenac sodium,100.000mg,voltarol retard 100mg tablets (novartis pharmaceuticals uk ltd),1
157841000033115,3239211000001100,Brufen 600mg effervescent granules sachets,Effervescent granules,Oral,Ibuprofen,600.000mg,brufen 600mg effervescent granules sachets (mylan),1
159441000033110,368011000001100,Brufen Retard 800mg tablets,Modified-release tablet,Oral,Ibuprofen,800.000mg,brufen retard 800mg tablets (mylan),1
161341000033113,445711000001109,Brufen 100mg/5ml syrup,Oral suspension,Oral,Ibuprofen,20.000mg/1.000ml,brufen 100mg/5ml syrup (mylan),1
162841000033113,643711000001106,Brufen 200mg tablets,Tablet,Oral,Ibuprofen,200.000mg,brufen 200mg tablets (abbott laboratories ltd),1
162941000033117,263211000001109,Brufen 400mg tablets,Tablet,Oral,Ibuprofen,400.000mg,brufen 400mg tablets (mylan),1
163041000033110,230111000001100,Brufen 600mg tablets,Tablet,Oral,Ibuprofen,600.000mg,brufen 600mg tablets (mylan),1
1656241000033110,329933007,Meloxicam 7.5mg suppositories,Suppository,Rectal,Meloxicam,7.500mg,meloxicam 7.5mg suppositories,1
1666941000033110,3439011000001100,Piroxicam betadex 20mg tablets,Tablet,Oral,Piroxicam betadex,20.000mg,piroxicam betadex 20mg tablets,1
1727941000033110,225611000001103,Dicloflex 75mg SR tablets,Modified-release tablet,Oral,Diclofenac sodium,75.000mg,dicloflex 75mg sr tablets (dexcel-pharma ltd),1
1729141000033110,473711000001109,Enprin 75mg gastro-resistant tablets,Gastro-resistant tablet,Oral,Aspirin,75.000mg,enprin 75mg gastro-resistant tablets (galpharm international ltd),1
1739441000033110,329686007,Ibuprofen 100mg/5ml oral suspension sugar free,Oral suspension,Oral,Ibuprofen,20.000mg/1.000ml,ibuprofen 100mg/5ml oral suspension sugar free,1
1795841000033110,329963003,Dexketoprofen 25mg tablets,Tablet,Oral,Dexketoprofen trometamol,25.000mg,dexketoprofen 25mg tablets,1
1795941000033110,2892711000001100,Keral 25mg tablets,Tablet,Oral,Dexketoprofen trometamol,25.000mg,keral 25mg tablets (a. menarini farmaceutica internazionale srl),1
1845841000033110,329598005,Diclofenac sodium 50mg gastro-resistant / Misoprostol 200microgram tablets,Gastro-resistant tablet,Oral,Diclofenac sodium/ Misoprostol,50.000mg + 200.000microgram,diclofenac sodium 50mg gastro-resistant / misoprostol 200microgram tablets,1
1845941000033110,329602007,Diclofenac sodium 75mg gastro-resistant / Misoprostol 200microgram tablets,Gastro-resistant tablet,Oral,Diclofenac sodium/ Misoprostol,75.000mg + 200.000microgram,diclofenac sodium 75mg gastro-resistant / misoprostol 200microgram tablets,1
1848741000033110,329967002,Diclofenac potassium 25mg tablets,Tablet,Oral,Diclofenac potassium,25.000mg,diclofenac potassium 25mg tablets,1
1848841000033110,329968007,Diclofenac potassium 50mg tablets,Tablet,Oral,Diclofenac potassium,50.000mg,diclofenac potassium 50mg tablets,1
1848941000033110,663411000001105,Voltarol Rapid 25mg tablets,Tablet,Oral,Diclofenac potassium,25.000mg,voltarol rapid 25mg tablets (novartis pharmaceuticals uk ltd),1
1849041000033110,605911000001102,Voltarol Rapid 50mg tablets,Tablet,Oral,Diclofenac potassium,50.000mg,voltarol rapid 50mg tablets (novartis pharmaceuticals uk ltd),1
1922741000033110,36566511000001100,Diclofenac sodium 25mg gastro-resistant tablets,Gastro-resistant tablet,Oral,Diclofenac sodium,25.000mg,diclofenac sodium 25mg gastro-resistant tablets,1
1922841000033110,329587009,Diclofenac sodium 50mg gastro-resistant tablets,Gastro-resistant tablet,Oral,Diclofenac sodium,50.000mg,diclofenac sodium 50mg gastro-resistant tablets,1
2013341000033110,322232006,Aspirin 300mg suppositories,Suppository,Rectal,Aspirin,300.000mg,aspirin 300mg suppositories,1
2013441000033110,322233001,Aspirin 150mg suppositories,Suppository,Rectal,Aspirin,150.000mg,aspirin 150mg suppositories,1
2103041000033110,330170001,Celecoxib 100mg capsules,Capsule,Oral,Celecoxib,100.000mg,celecoxib 100mg capsules,1
2103141000033110,330169002,Celecoxib 200mg capsules,Capsule,Oral,Celecoxib,200.000mg,celecoxib 200mg capsules,1
2103241000033110,18711000001102,Celebrex 100mg capsules,Capsule,Oral,Celecoxib,100.000mg,celebrex 100mg capsules (upjohn uk ltd),1
2103341000033110,878111000001108,Celebrex 200mg capsules,Capsule,Oral,Celecoxib,200.000mg,celebrex 200mg capsules (upjohn uk ltd),1
2104441000033110,482011000001109,Larafen CR 200mg capsules,Modified-release capsule,Oral,Ketoprofen,200.000mg,larafen cr 200mg capsules (ennogen pharma ltd),1
2228341000033110,3915411000001100,Nurofen Plus tablets,Tablet,Oral,Codeine phosphate/ Ibuprofen,12.800mg + 200.000mg,nurofen plus tablets (reckitt benckiser healthcare (uk) ltd),1
2273141000033110,91611000001104,Entrocalm Loperamide 2mg capsules,Capsule,Oral,Loperamide hydrochloride,2.000mg,entrocalm loperamide 2mg capsules (galpharm international ltd),1
2273241000033110,32811000001101,Galprofen 100mg/5ml oral suspension,Oral suspension,Oral,Ibuprofen,20.000mg/1.000ml,galprofen 100mg/5ml oral suspension (galpharm international ltd),1
261441000033116,,,,,,,clotam capsules 200 mg,1
2616241000033110,,,,,,,nurofen advance tablets,1
2616341000033110,3158711000001100,Nurofen Long Lasting 300mg capsules,Modified-release capsule,Oral,Ibuprofen,300.000mg,nurofen long lasting 300mg capsules (crookes healthcare ltd),1
2616441000033110,3379111000001100,Nightcalm 25mg tablets,Tablet,Oral,Diphenhydramine hydrochloride,25.000mg,nightcalm 25mg tablets (galpharm international ltd),1
2661841000033110,35369111000001100,Mefenamic acid 50mg/5ml oral suspension,Oral suspension,Oral,Mefenamic acid,10.000mg/1.000ml,mefenamic acid 50mg/5ml oral suspension,1
2731041000033110,3406111000001100,Arcoxia 60mg tablets,Tablet,Oral,Etoricoxib,60.000mg,arcoxia 60mg tablets (merck sharp & dohme ltd),1
2731141000033110,3406811000001100,Arcoxia 90mg tablets,Tablet,Oral,Etoricoxib,90.000mg,arcoxia 90mg tablets (merck sharp & dohme ltd),1
2731241000033110,3407911000001100,Arcoxia 120mg tablets,Tablet,Oral,Etoricoxib,120.000mg,arcoxia 120mg tablets (merck sharp & dohme ltd),1
2731341000033110,407907003,Etoricoxib 60mg tablets,Tablet,Oral,Etoricoxib,60.000mg,etoricoxib 60mg tablets,1
2731441000033110,407908008,Etoricoxib 90mg tablets,Tablet,Oral,Etoricoxib,90.000mg,etoricoxib 90mg tablets,1
2731541000033110,407909000,Etoricoxib 120mg tablets,Tablet,Oral,Etoricoxib,120.000mg,etoricoxib 120mg tablets,1
2765941000033110,329710002,Ibuprofen 100mg/5ml oral suspension,Oral suspension,Oral,Ibuprofen,20.000mg/1.000ml,ibuprofen 100mg/5ml oral suspension,1
2781041000033110,804611000001103,Tiloket CR 100mg capsules,Modified-release capsule,Oral,Ketoprofen,100.000mg,tiloket cr 100mg capsules (tillomed laboratories ltd),1
2781141000033110,29742611000001100,Tiloket CR 200mg capsules,Modified-release capsule,Oral,Ketoprofen,200.000mg,tiloket cr 200mg capsules (tillomed laboratories ltd),1
2799441000033110,867711000001101,Berlind 75 Retard capsules,Modified-release capsule,Oral,Indometacin,75.000mg,berlind 75 retard capsules (tillomed laboratories ltd),1
2839441000033110,3875511000001100,Ibuprofen 200mg orodispersible tablets sugar free,Orodispersible tablet,Oral,Ibuprofen,200.000mg,ibuprofen 200mg orodispersible tablets sugar free,1
2839541000033110,3869111000001100,Nurofen Meltlets 200mg tablets,Orodispersible tablet,Oral,Ibuprofen,200.000mg,nurofen meltlets 200mg tablets (reckitt benckiser healthcare (uk) ltd),1
2850541000033110,400480005,Nabumetone 500mg dispersible tablets sugar free,Dispersible tablet,Oral,Nabumetone,500.000mg,nabumetone 500mg dispersible tablets sugar free,1
285541000033115,3673311000001100,Clotam Rapid 200mg tablets,Tablet,Oral,Tolfenamic acid,200.000mg,clotam rapid 200mg tablets (galen ltd),1
2871341000033110,4585211000001100,Calprofen 100mg/5ml oral suspension,Oral suspension,Oral,Ibuprofen,20.000mg/1.000ml,calprofen 100mg/5ml oral suspension (mcneil products ltd),1
2928041000033110,649411000001103,Econac 100mg suppositories,Suppository,Rectal,Diclofenac sodium,100.000mg,econac 100mg suppositories (advanz pharma),1
2968541000033110,17042011000001100,Hedex Ibuprofen 200mg tablets,Tablet,Oral,Ibuprofen,200.000mg,hedex ibuprofen 200mg tablets (omega pharma ltd),1
2969041000033110,,,,,,,anadin ultra capsules 200 mg,1
2970741000033110,621911000001109,Nurofen 200mg caplets,Tablet,Oral,Ibuprofen,200.000mg,nurofen 200mg caplets (reckitt benckiser healthcare (uk) ltd),1
2971241000033110,3917611000001100,Nurofen 200mg liquid capsules,Capsule,Oral,Ibuprofen,200.000mg,nurofen 200mg liquid capsules (reckitt benckiser healthcare (uk) ltd),1
3077941000033110,8092711000001100,Cuprofen PLUS tablets,Tablet,Oral,Codeine phosphate/ Ibuprofen,12.800mg + 200.000mg,cuprofen plus tablets (ssl international plc),1
3078341000033110,5639311000001100,Econac SR 75mg tablets,Modified-release tablet,Oral,Diclofenac sodium,75.000mg,econac sr 75mg tablets (advanz pharma),1
3078441000033110,5639711000001100,Econac XL 100mg tablets,Modified-release tablet,Oral,Diclofenac sodium,100.000mg,econac xl 100mg tablets (advanz pharma),1
3093041000033110,329714006,Indometacin 25mg capsules,Capsule,Oral,Indometacin,25.000mg,indometacin 25mg capsules,1
3093141000033110,329715007,Indometacin 50mg capsules,Capsule,Oral,Indometacin,50.000mg,indometacin 50mg capsules,1
3093241000033110,329716008,Indometacin 100mg suppositories,Suppository,Rectal,Indometacin,100.000mg,indometacin 100mg suppositories,1
3093341000033110,36046611000001100,Indometacin 25mg modified-release tablets,Modified-release tablet,Oral,Indometacin,25.000mg,indometacin 25mg modified-release tablets,1
3093441000033110,36046711000001100,Indometacin 50mg modified-release tablets,Modified-release tablet,Oral,Indometacin,50.000mg,indometacin 50mg modified-release tablets,1
3093541000033110,36046911000001100,Indometacin 75mg modified-release tablets,Modified-release tablet,Oral,Indometacin,75.000mg,indometacin 75mg modified-release tablets,1
3093641000033110,329757001,,,,,,indometacin 25mg modified-release capsules,1
3093741000033110,36046811000001100,Indometacin 75mg modified-release capsules,Modified-release capsule,Oral,Indometacin,75.000mg,indometacin 75mg modified-release capsules,1
3136641000033110,7498011000001100,Tiloket 50mg capsules,Capsule,Oral,Ketoprofen,50.000mg,tiloket 50mg capsules (tillomed laboratories ltd),1
3160741000033110,36069911000001100,Dipyridamole 200mg modified-release / Aspirin 25mg capsules,Modified-release capsule,Oral,Aspirin/ Dipyridamole,25.000mg + 200.000mg,dipyridamole 200mg modified-release / aspirin 25mg capsules,1
3162041000033110,35903111000001100,Aspirin 75mg / Isosorbide mononitrate 60mg modified-release tablets,Modified-release tablet,Oral,Aspirin/ Isosorbide mononitrate,75.000mg + 60.000mg,aspirin 75mg / isosorbide mononitrate 60mg modified-release tablets,1
3162141000033110,35903011000001100,Aspirin 150mg / Isosorbide mononitrate 60mg modified-release tablets,Modified-release tablet,Oral,Aspirin/ Isosorbide mononitrate,150.000mg + 60.000mg,aspirin 150mg / isosorbide mononitrate 60mg modified-release tablets,1
3229141000033110,36045211000001100,Ibuprofen 300mg modified-release / Codeine 20mg tablets,Modified-release tablet,Oral,Codeine phosphate/ Ibuprofen,20.000mg + 300.000mg,ibuprofen 300mg modified-release / codeine 20mg tablets,1
3248541000033110,8061211000001100,Nurofen Back Pain SR 300mg capsules,Modified-release capsule,Oral,Ibuprofen,300.000mg,nurofen back pain sr 300mg capsules (reckitt benckiser healthcare (uk) ltd),1
3334141000033110,418352003,Dexibuprofen 300mg tablets,Tablet,Oral,Dexibuprofen,300.000mg,dexibuprofen 300mg tablets,1
3334241000033110,418855005,Dexibuprofen 400mg tablets,Tablet,Oral,Dexibuprofen,400.000mg,dexibuprofen 400mg tablets,1
3836841000033110,322784004,Aspirin 900mg / Metoclopramide 10mg oral powder sachets sugar free,Powder,Oral,Aspirin DL-Lysine/ Metoclopramide hydrochloride,900.000mg + 10.000mg,aspirin 900mg / metoclopramide 10mg oral powder sachets sugar free,1
3849841000033110,322321008,Aspirin 500mg / Papaveretum 7.71mg dispersible tablets sugar free,Dispersible tablet,Oral,Aspirin/ Papaveretum,500.000mg + 7.710mg,aspirin 500mg / papaveretum 7.71mg dispersible tablets sugar free,1
3934341000033110,4956111000001100,Aspirin 500mg / Codeine 8mg dispersible tablets sugar free,Dispersible tablet,Oral,Aspirin/ Codeine phosphate,500.000mg + 8.000mg,aspirin 500mg / codeine 8mg dispersible tablets sugar free,1
3934441000033110,4951811000001100,Codis 500 dispersible tablets,Dispersible tablet,Oral,Aspirin/ Codeine phosphate,500.000mg + 8.000mg,codis 500 dispersible tablets (reckitt benckiser healthcare (uk) ltd),1
4010241000033110,10925311000001100,Etopan XL 600mg tablets,Modified-release tablet,Oral,Etodolac,600.000mg,etopan xl 600mg tablets (sun pharmaceutical industries europe b.v.),1
4088341000033110,4615511000001100,Ibuprofen 100mg/5ml oral suspension 5ml sachets sugar free,Oral suspension,Oral,Ibuprofen,20.000mg/1.000ml,ibuprofen 100mg/5ml oral suspension 5ml sachets sugar free,1
4088441000033110,9164311000001100,Nurofen for Children Singles 100mg/5ml oral suspension 5ml sachets strawberry,Oral suspension,Oral,Ibuprofen,20.000mg/1.000ml,nurofen for children singles 100mg/5ml oral suspension 5ml sachets strawberry (reckitt benckiser healthcare (uk) ltd),1
4088541000033110,4605611000001100,Nurofen for Children Singles 100mg/5ml oral suspension 5ml sachets orange,Oral suspension,Oral,Ibuprofen,20.000mg/1.000ml,nurofen for children singles 100mg/5ml oral suspension 5ml sachets orange (reckitt benckiser healthcare (uk) ltd),1
4123241000033110,407904005,Ibuprofen 200mg / Pseudoephedrine hydrochloride 30mg tablets,Tablet,Oral,Ibuprofen/ Pseudoephedrine hydrochloride,200.000mg + 30.000mg,ibuprofen 200mg / pseudoephedrine hydrochloride 30mg tablets,1
4123741000033110,4606211000001100,Nurofen Cold and Flu tablets,Tablet,Oral,Ibuprofen/ Pseudoephedrine hydrochloride,200.000mg + 30.000mg,nurofen cold and flu tablets (reckitt benckiser healthcare (uk) ltd),1
4158541000033110,36045311000001100,Ibuprofen 300mg modified-release capsules,Modified-release capsule,Oral,Ibuprofen,300.000mg,ibuprofen 300mg modified-release capsules,1
441941000033116,329591004,Diclofenac 50mg dispersible tablets sugar free,Dispersible tablet,Oral,Diclofenac sodium,50.000mg,diclofenac 50mg dispersible tablets sugar free,1
442141000033114,329574003,Diclofenac sodium 75mg gastro-resistant modified-release capsules,Modified-release capsule,Oral,Diclofenac sodium,75.000mg,diclofenac sodium 75mg gastro-resistant modified-release capsules,1
442241000033119,,,,,,,diclofenac + misoprostol e/c tablets,1
4425141000033110,13132911000001100,Etoricoxib 30mg tablets,Tablet,Oral,Etoricoxib,30.000mg,etoricoxib 30mg tablets,1
4425241000033110,13122311000001100,Arcoxia 30mg tablets,Tablet,Oral,Etoricoxib,30.000mg,arcoxia 30mg tablets (merck sharp & dohme ltd),1
4432641000033110,640911000001100,Cuprofen 200mg tablets,Tablet,Oral,Ibuprofen,200.000mg,cuprofen 200mg tablets (ssl international plc),1
443441000033110,,,,,,,dichloralphenazone elixir 225 mg/5 ml,1
4447641000033110,4562011000001100,Indometacin 25mg/5ml oral suspension sugar free,Oral suspension,Oral,Indometacin,5.000mg/1.000ml,indometacin 25mg/5ml oral suspension sugar free,1
4451841000033110,370195008,Ibuprofen 200mg capsules,Capsule,Oral,Ibuprofen,200.000mg,ibuprofen 200mg capsules,1
4452141000033110,376878007,Indometacin 25mg/5ml oral suspension,Oral suspension,Oral,Indometacin,5.000mg/1.000ml,indometacin 25mg/5ml oral suspension,1
4452241000033110,32638811000001100,Naproxen 125mg/5ml oral suspension sugar free,Oral suspension,Oral,Naproxen,25.000mg/1.000ml,naproxen 125mg/5ml oral suspension sugar free,1
451541000033113,329607001,,,,,,diclofenac sodium 75mg modified-release tablets,1
452241000033117,350511000001103,Diclomax Retard 100mg capsules,Modified-release capsule,Oral,Diclofenac sodium,100.000mg,diclomax retard 100mg capsules (galen ltd),1
452441000033116,,,,,,,disprin cv m/r tablets 100 mg,1
452541000033115,4532311000001100,Disprin CV 300mg modified-release tablets,Modified-release tablet,Oral,Aspirin,300.000mg,disprin cv 300mg modified-release tablets (reckitt benckiser healthcare (uk) ltd),1
453341000033119,37084611000001100,Diclofenac sodium 100mg modified-release capsules,Modified-release capsule,Oral,Diclofenac sodium,100.000mg,diclofenac sodium 100mg modified-release capsules,1
453441000033113,172511000001105,Diclomax SR 75mg capsules,Modified-release capsule,Oral,Diclofenac sodium,75.000mg,diclomax sr 75mg capsules (galen ltd),1
453541000033114,37084911000001100,Diclofenac sodium 75mg modified-release capsules,Modified-release capsule,Oral,Diclofenac sodium,75.000mg,diclofenac sodium 75mg modified-release capsules,1
453641000033110,,,,,,,dicloflex m/r tablets 100 mg,1
456841000033119,35313311000001100,Diclofenac 12.5mg suppositories,Suppository,Rectal,Diclofenac sodium,12.500mg,diclofenac 12.5mg suppositories,1
459741000033116,329562002,Diclofenac 25mg suppositories,Suppository,Rectal,Diclofenac sodium,25.000mg,diclofenac 25mg suppositories,1
459841000033114,329563007,Diclofenac 50mg suppositories,Suppository,Rectal,Diclofenac sodium,50.000mg,diclofenac 50mg suppositories,1
460141000033116,329583008,Diclofenac 100mg suppositories,Suppository,Rectal,Diclofenac sodium,100.000mg,diclofenac 100mg suppositories,1
461841000033117,,,,,,,diclofenac retard tablets 100 mg,1
463141000033110,570111000001107,Dicloflex 25mg gastro-resistant tablets,Gastro-resistant tablet,Oral,Diclofenac sodium,25.000mg,dicloflex 25mg gastro-resistant tablets (dexcel-pharma ltd),1
463241000033115,719711000001107,Dicloflex 50mg gastro-resistant tablets,Gastro-resistant tablet,Oral,Diclofenac sodium,50.000mg,dicloflex 50mg gastro-resistant tablets (dexcel-pharma ltd),1
464541000033116,,,,,,,dichloralphenazone tablets 650 mg,1
4657241000033110,14062911000001100,Diclofenac potassium 12.5mg tablets,Tablet,Oral,Diclofenac potassium,12.500mg,diclofenac potassium 12.5mg tablets,1
4657341000033110,14033611000001100,Voltarol Pain-eze 12.5mg tablets,Tablet,Oral,Diclofenac potassium,12.500mg,voltarol pain-eze 12.5mg tablets (novartis consumer health uk ltd),1
4661241000033110,4557011000001100,Ibuprofen lysine 200mg tablets,Tablet,Oral,Ibuprofen lysine,200.000mg,ibuprofen lysine 200mg tablets,1
467041000033116,36563711000001100,Diclofenac sodium 100mg modified-release tablets,Modified-release tablet,Oral,Diclofenac sodium,100.000mg,diclofenac sodium 100mg modified-release tablets,1
467141000033117,,,,,,,diclofenac sodium tablets 25 mg,1
467241000033112,,,,,,,diclofenac sodium tablets 50 mg,1
5129741000033110,16683311000001100,Rotigotine 1mg/24hours transdermal patches,Transdermal patch,Transdermal,Rotigotine,1.000mg/24.000hour,rotigotine 1mg/24hours transdermal patches,1
5129841000033110,16665711000001100,Rotigotine 3mg/24hours transdermal patches,Transdermal patch,Transdermal,Rotigotine,3.000mg/24.000hour,rotigotine 3mg/24hours transdermal patches,1
5151341000033110,,,,,,,aspirin protect e/c tablets 100 mg,1
5324241000033110,16174411000001100,Ketoprofen 200mg / Omeprazole 20mg modified-release capsules,Modified-release capsule,Oral,Ketoprofen/ Omeprazole,200.000mg + 20.000mg,ketoprofen 200mg / omeprazole 20mg modified-release capsules,1
5324341000033110,16174311000001100,Ketoprofen 100mg / Omeprazole 20mg modified-release capsules,Modified-release capsule,Oral,Ketoprofen/ Omeprazole,100.000mg + 20.000mg,ketoprofen 100mg / omeprazole 20mg modified-release capsules,1
5376641000033110,10245111000001100,Ibuprofen lysine 400mg tablets,Tablet,Oral,Ibuprofen lysine,400.000mg,ibuprofen lysine 400mg tablets,1
5376741000033110,10239611000001100,Nurofen Maximum Strength Migraine Pain 684mg caplets,Tablet,Oral,Ibuprofen lysine,400.000mg,nurofen maximum strength migraine pain 684mg caplets (reckitt benckiser healthcare (uk) ltd),1
546941000033116,329620003,Etodolac 300mg capsules,Capsule,Oral,Etodolac,300.000mg,etodolac 300mg capsules,1
547241000033111,329616002,Etodolac 200mg capsules,Capsule,Oral,Etodolac,200.000mg,etodolac 200mg capsules,1
548541000033114,329622006,Etodolac 600mg modified-release tablets,Modified-release tablet,Oral,Etodolac,600.000mg,etodolac 600mg modified-release tablets,1
550341000033119,,,,,,,etodolac tablets 200 mg,1
563841000033112,235611000001100,Feldene 10mg capsules,Capsule,Oral,Piroxicam,10.000mg,feldene 10mg capsules (pfizer ltd),1
563941000033116,90611000001109,Feldene 20 capsules,Capsule,Oral,Piroxicam,20.000mg,feldene 20 capsules (pfizer ltd),1
565941000033117,473411000001103,Feldene 10mg dispersible tablets,Dispersible tablet,Oral,Piroxicam,10.000mg,feldene 10mg dispersible tablets (pfizer ltd),1
566041000033110,126111000001103,Feldene 20mg dispersible tablets,Dispersible tablet,Oral,Piroxicam,20.000mg,feldene 20mg dispersible tablets (pfizer ltd),1
569841000033110,563011000001105,Feldene 20mg suppositories,Suppository,Rectal,Piroxicam,20.000mg,feldene 20mg suppositories (pfizer ltd),1
5707441000033110,425685004,Celecoxib 400mg capsules,Capsule,Oral,Celecoxib,400.000mg,celecoxib 400mg capsules,1
571741000033113,192711000001106,Feldene Melt 20mg tablets,Orodispersible tablet,Oral,Piroxicam,20.000mg,feldene melt 20mg tablets (pfizer ltd),1
577741000033116,36059011000001100,Flurbiprofen 200mg modified-release capsules,Modified-release capsule,Oral,Flurbiprofen,200.000mg,flurbiprofen 200mg modified-release capsules,1
5809541000033110,17369211000001100,Diclofenac 10mg dispersible tablets,Dispersible tablet,Oral,Diclofenac sodium,10.000mg,diclofenac 10mg dispersible tablets,1
592141000033110,329650006,Flurbiprofen 100mg suppositories,Suppository,Rectal,Flurbiprofen,100.000mg,flurbiprofen 100mg suppositories,1
593941000033118,329649006,Flurbiprofen 100mg tablets,Tablet,Oral,Flurbiprofen,100.000mg,flurbiprofen 100mg tablets,1
594041000033116,329648003,Flurbiprofen 50mg tablets,Tablet,Oral,Flurbiprofen,50.000mg,flurbiprofen 50mg tablets,1
5973641000033110,12301411000001100,Naproxen 200mg/5ml oral suspension,Oral suspension,Oral,Naproxen,40.000mg/1.000ml,naproxen 200mg/5ml oral suspension,1
5996241000033110,8561611000001100,Indometacin 25mg/5ml oral solution,Oral solution,Oral,Indometacin,5.000mg/1.000ml,indometacin 25mg/5ml oral solution,1
6018341000033110,793611000001101,Valket 200 Retard capsules,Modified-release capsule,Oral,Ketoprofen,200.000mg,valket 200 retard capsules (tillomed laboratories ltd),1
6037241000033110,18245811000001100,Naproxen 500mg / Esomeprazole 20mg modified-release tablets,Modified-release tablet,Oral,Esomeprazole magnesium trihydrate/ Naproxen,20.000mg + 500.000mg,naproxen 500mg / esomeprazole 20mg modified-release tablets,1
6037341000033110,18233711000001100,Vimovo 500mg/20mg modified-release tablets,Modified-release tablet,Oral,Esomeprazole magnesium trihydrate/ Naproxen,20.000mg + 500.000mg,vimovo 500mg/20mg modified-release tablets (astrazeneca uk ltd),1
6386741000033110,18595211000001100,Paracetamol 500mg / Ibuprofen 200mg tablets,Tablet,Oral,Ibuprofen/ Paracetamol,200.000mg + 500.000mg,paracetamol 500mg / ibuprofen 200mg tablets,1
6430441000033110,19363611000001100,Voltarol Pain-eze Extra Strength 25mg tablets,Tablet,Oral,Diclofenac potassium,25.000mg,voltarol pain-eze extra strength 25mg tablets (novartis consumer health uk ltd),1
746541000033111,329708004,Ibuprofen 800mg tablets,Tablet,Oral,Ibuprofen,800.000mg,ibuprofen 800mg tablets,1
746841000033113,329677002,Ibuprofen 600mg effervescent granules sachets,Effervescent granules,Oral,Ibuprofen,600.000mg,ibuprofen 600mg effervescent granules sachets,1
746941000033117,329662005,Ibuprofen 800mg modified-release tablets,Modified-release tablet,Oral,Ibuprofen,800.000mg,ibuprofen 800mg modified-release tablets,1
747241000033112,,,,,,,ibuprofen syrup 100 mg/5 ml,1
747341000033119,329652003,Ibuprofen 200mg tablets,Tablet,Oral,Ibuprofen,200.000mg,ibuprofen 200mg tablets,1
747441000033113,329653008,Ibuprofen 400mg tablets,Tablet,Oral,Ibuprofen,400.000mg,ibuprofen 400mg tablets,1
747541000033114,329654002,Ibuprofen 600mg tablets,Tablet,Oral,Ibuprofen,600.000mg,ibuprofen 600mg tablets,1
747641000033110,,,,,,,ibular tablets 200 mg,1
747841000033111,,,,,,,ibular tablets 400 mg,1
756841000033110,258511000001106,Indocid 25mg capsules,Capsule,Oral,Indometacin,25.000mg,indocid 25mg capsules (merck sharp & dohme ltd),1
756941000033119,581911000001106,Indocid 50mg capsules,Capsule,Oral,Indometacin,50.000mg,indocid 50mg capsules (merck sharp & dohme ltd),1
757041000033118,172111000001101,Indocid R 75mg capsules,Modified-release capsule,Oral,Indometacin,75.000mg,indocid r 75mg capsules (merck sharp & dohme ltd),1
767841000033118,902911000001109,Indocid 100mg suppositories,Suppository,Rectal,Indometacin,100.000mg,indocid 100mg suppositories (aspen pharma trading ltd),1
767941000033114,4541711000001100,Indocid 5mg/ml oral suspension,Oral suspension,Oral,Indometacin,5.000mg/1.000ml,indocid 5mg/ml oral suspension (merck sharp & dohme ltd),1
797241000033119,3377811000001100,Ketoprofen 100mg capsules,Capsule,Oral,Ketoprofen,100.000mg,ketoprofen 100mg capsules,1
797341000033112,,,,,,,ketoprofen capsules 200 mg,1
797441000033118,329758006,Ketoprofen 50mg capsules,Capsule,Oral,Ketoprofen,50.000mg,ketoprofen 50mg capsules,1
797841000033115,36037011000001100,Ketoprofen 100mg modified-release capsules,Modified-release capsule,Oral,Ketoprofen,100.000mg,ketoprofen 100mg modified-release capsules,1
797941000033111,36037311000001100,Ketoprofen 200mg modified-release capsules,Modified-release capsule,Oral,Ketoprofen,200.000mg,ketoprofen 200mg modified-release capsules,1
801541000033112,36037211000001100,Ketoprofen 150mg modified-release capsules,Modified-release capsule,Oral,Ketoprofen,150.000mg,ketoprofen 150mg modified-release capsules,1
803041000033115,329760008,Ketoprofen 100mg suppositories,Suppository,Rectal,Ketoprofen,100.000mg,ketoprofen 100mg suppositories,1
803941000033119,333981003,Ketorolac 10mg tablets,Tablet,Oral,Ketorolac trometamol,10.000mg,ketorolac 10mg tablets,1
80741000033114,3159911000001100,Arthrotec 50 gastro-resistant tablets,Gastro-resistant tablet,Oral,Diclofenac sodium/ Misoprostol,50.000mg + 200.000microgram,arthrotec 50 gastro-resistant tablets (pfizer ltd),1
808641000033115,,,,,,,larapam (piroxicam) capsules 10 mg,1
808741000033112,,,,,,,larapam (piroxicam) capsules 20 mg,1
80941000033112,3161411000001100,Arthrotec 75 gastro-resistant tablets,Gastro-resistant tablet,Oral,Diclofenac sodium/ Misoprostol,75.000mg + 200.000microgram,arthrotec 75 gastro-resistant tablets (pfizer ltd),1
8113641000033110,17627411000001100,Enstar XL 100 tablets,Modified-release tablet,Oral,Diclofenac sodium,100.000mg,enstar xl 100 tablets (ennogen pharma ltd),1
82641000033118,,,,,,,aspirin chewable tablets 227 mg,1
82841000033117,329526003,Aspirin 300mg dispersible tablets,Dispersible tablet,Oral,Aspirin,300.000mg,aspirin 300mg dispersible tablets,1
82941000033113,319773006,Aspirin 75mg dispersible tablets,Dispersible tablet,Oral,Aspirin,75.000mg,aspirin 75mg dispersible tablets,1
83041000033115,319781007,Aspirin 75mg gastro-resistant tablets,Gastro-resistant tablet,Oral,Aspirin,75.000mg,aspirin 75mg gastro-resistant tablets,1
83141000033116,322225002,Aspirin 300mg gastro-resistant tablets,Gastro-resistant tablet,Oral,Aspirin,300.000mg,aspirin 300mg gastro-resistant tablets,1
83241000033111,,,,,,,aspirin e/c tablets 600 mg,1
84341000033115,,,,,,,aspirin m/r tablets 100 mg,1
84441000033114,4558011000001100,Aspirin 300mg modified-release tablets,Modified-release tablet,Oral,Aspirin,300.000mg,aspirin 300mg modified-release tablets,1
845041000033113,921411000001100,Lodine SR 600mg tablets,Modified-release tablet,Oral,Etodolac,600.000mg,lodine sr 600mg tablets (almirall ltd),1
84941000033116,,,,,,,aspirin e/c tablets 324 mg,1
8494241000033110,22591711000001100,Misofen 50mg/200microgram gastro-resistant tablets,Gastro-resistant tablet,Oral,Diclofenac sodium/ Misoprostol,50.000mg + 200.000microgram,misofen 50mg/200microgram gastro-resistant tablets (morningside healthcare ltd),1
8494341000033110,22592011000001100,Misofen 75mg/200microgram gastro-resistant tablets,Gastro-resistant tablet,Oral,Diclofenac sodium/ Misoprostol,75.000mg + 200.000microgram,misofen 75mg/200microgram gastro-resistant tablets (morningside healthcare ltd),1
85741000033118,,,,,,,aspirin e/c tablets 300 mg,1
8617741000033110,22648711000001100,Meloxicam 7.5mg orodispersible tablets sugar free,Orodispersible tablet,Oral,Meloxicam,7.500mg,meloxicam 7.5mg orodispersible tablets sugar free,1
8617841000033110,22648611000001100,Meloxicam 15mg orodispersible tablets sugar free,Orodispersible tablet,Oral,Meloxicam,15.000mg,meloxicam 15mg orodispersible tablets sugar free,1
86641000033119,329525004,Aspirin 300mg tablets,Tablet,Oral,Aspirin,300.000mg,aspirin 300mg tablets,1
86941000033114,,,,,,,aspirin paracetamol and codeine tablets,1
87041000033110,319775004,Aspirin 75mg tablets,Tablet,Oral,Aspirin,75.000mg,aspirin 75mg tablets,1
87141000033114,,,,,,,aspirin dispersible low dose tablets 75 mg,1
872641000033110,329790001,Mefenamic acid 250mg capsules,Capsule,Oral,Mefenamic acid,250.000mg,mefenamic acid 250mg capsules,1
87441000033118,,,,,,,aspirin tablets 500 mg,1
874641000033117,,,,,,,mefenamic acid dispersible tablets 250 mg,1
87541000033117,,,,,,,aspirin tablets 600 mg,1
88041000033114,,,,,,,aspirin e/c tablets 600 mg,1
889141000033118,,,,,,,mefenamic acid paediatric suspension 50 mg/5 ml,1
892641000033116,329926007,Meloxicam 15mg suppositories,Suppository,Rectal,Meloxicam,15.000mg,meloxicam 15mg suppositories,1
895741000033116,329803004,Mefenamic acid 500mg tablets,Tablet,Oral,Mefenamic acid,500.000mg,mefenamic acid 500mg tablets,1
899241000033112,329928008,Meloxicam 15mg tablets,Tablet,Oral,Meloxicam,15.000mg,meloxicam 15mg tablets,1
899341000033119,329927003,Meloxicam 7.5mg tablets,Tablet,Oral,Meloxicam,7.500mg,meloxicam 7.5mg tablets,1
924741000033116,,,,,,,mobiflex effervescent tablets 20 mg,1
925141000033119,,,,,,,mobiflex granules 20 mg/sachet,1
927541000033119,,,,,,,mobiflex injection 20 mg/amp,1
930441000033118,3953411000001100,Motifene 75mg modified-release capsules,Modified-release capsule,Oral,Diclofenac sodium,75.000mg,motifene 75mg modified-release capsules (daiichi sankyo uk ltd),1
939041000033117,213111000001102,Mobiflex 20mg tablets,Tablet,Oral,Tenoxicam,20.000mg,mobiflex 20mg tablets (mylan),1
949641000033112,329838002,Naproxen 250mg gastro-resistant tablets,Gastro-resistant tablet,Oral,Naproxen,250.000mg,naproxen 250mg gastro-resistant tablets,1
949741000033115,329839005,Naproxen 500mg gastro-resistant tablets,Gastro-resistant tablet,Oral,Naproxen,500.000mg,naproxen 500mg gastro-resistant tablets,1
949841000033113,178811000001105,Naprosyn EC 250mg tablets,Gastro-resistant tablet,Oral,Naproxen,250.000mg,naprosyn ec 250mg tablets (atnahs pharma uk ltd),1
949941000033117,611711000001104,Naprosyn EC 375mg tablets,Gastro-resistant tablet,Oral,Naproxen,375.000mg,naprosyn ec 375mg tablets (atnahs pharma uk ltd),1
950041000033114,434011000001107,Naprosyn EC 500mg tablets,Gastro-resistant tablet,Oral,Naproxen,500.000mg,naprosyn ec 500mg tablets (atnahs pharma uk ltd),1
950141000033113,36564511000001100,Naproxen 375mg gastro-resistant tablets,Gastro-resistant tablet,Oral,Naproxen,375.000mg,naproxen 375mg gastro-resistant tablets,1
950241000033118,,,,,,,naprosyn granules 500 mg,1
950341000033111,,,,,,,naproxen granules 500 mg,1
952841000033115,,,,,,,naproxen m/r tablets 375 mg,1
952941000033111,36030111000001100,Naproxen 500mg modified-release tablets,Modified-release tablet,Oral,Naproxen sodium,500.000mg,naproxen 500mg modified-release tablets,1
953041000033118,61111000001105,Naprosyn S/R 500mg tablets,Modified-release tablet,Oral,Naproxen sodium,500.000mg,naprosyn s/r 500mg tablets (roche products ltd),1
953841000033113,329853005,Naproxen 500mg suppositories,Suppository,Rectal,Naproxen,500.000mg,naproxen 500mg suppositories,1
954041000033115,4549711000001100,Naprosyn 500mg suppositories,Suppository,Rectal,Naproxen,500.000mg,naprosyn 500mg suppositories (roche products ltd),1
954141000033116,4550611000001100,Naprosyn 125mg/5ml oral suspension,Oral suspension,Oral,Naproxen,25.000mg/1.000ml,naprosyn 125mg/5ml oral suspension (roche products ltd),1
954241000033111,329852000,Naproxen 125mg/5ml oral suspension,Oral suspension,Oral,Naproxen,25.000mg/1.000ml,naproxen 125mg/5ml oral suspension,1
954341000033118,,,,,,,nabumetone suspension sugar free 500 mg/5 ml,1
954841000033110,894311000001106,Naprosyn 250mg tablets,Tablet,Oral,Naproxen,250.000mg,naprosyn 250mg tablets (atnahs pharma uk ltd),1
954941000033119,162011000001106,Naprosyn 500mg tablets,Tablet,Oral,Naproxen,500.000mg,naprosyn 500mg tablets (atnahs pharma uk ltd),1
955041000033119,329806007,Naproxen 250mg tablets,Tablet,Oral,Naproxen,250.000mg,naproxen 250mg tablets,1
955141000033115,329807003,Naproxen 500mg tablets,Tablet,Oral,Naproxen,500.000mg,naproxen 500mg tablets,1
956241000033115,329910006,Nabumetone 500mg tablets,Tablet,Oral,Nabumetone,500.000mg,nabumetone 500mg tablets,1
956441000033119,322299000,Naproxen sodium 275mg tablets,Tablet,Oral,Naproxen sodium,275.000mg,naproxen sodium 275mg tablets,1
956841000033116,,,,,,,naprosyn tablets 375 mg,1
956941000033112,,,,,,,naproxen tablets 375 mg,1
991441000033115,414311000001102,Nu-Seals 75 gastro-resistant tablets,Gastro-resistant tablet,Oral,Aspirin,75.000mg,nu-seals 75 gastro-resistant tablets (alliance pharmaceuticals ltd),1
993341000033113,183311000001101,Nu-Seals 300 gastro-resistant tablets,Gastro-resistant tablet,Oral,Aspirin,300.000mg,nu-seals 300 gastro-resistant tablets (alliance pharmaceuticals ltd),1
993441000033119,,,,,,,nu-seals aspirin e/c tablets 600 mg,1
9995841000033110,190611000001103,Dicloflex Retard 100mg tablets,Modified-release tablet,Oral,Diclofenac sodium,100.000mg,dicloflex retard 100mg tablets (dexcel-pharma ltd),1
